Workbook

Sheet MASTER SHEET
A1: REV. ANUP MATHEW MEMORIAL QUIZ COMPETETION
A2: SCORE BOARD
A3: TEAM | B3: 1 | C3: 2 | D3: 3 | E3: 4 | F3: 5 | G3: 6 | H3: 7 | I3: 8 | J3: 9 | K3: 10 | L3: 11 | M3: 12 | N3: 13 | O3: 14 | P3: 15 | Q3: 16 | R3: 17 | S3: 18 | T3: 19 | U3: 20 | V3: 21 | W3: 22 | X3: 23 | Y3: 24 | Z3: 25
A4: BIBLE KNOWLEDGE
A5: CHODIKAM PARAYAM | B5: ='CHODIKAM PARAYAM'!B12 -> 0 | C5: ='CHODIKAM PARAYAM'!C12 -> 0 | D5: ='CHODIKAM PARAYAM'!D12 -> 0 | E5: ='CHODIKAM PARAYAM'!E12 -> 0 | F5: ='CHODIKAM PARAYAM'!F12 -> 0 | G5: ='CHODIKAM PARAYAM'!G12 -> 0 | H5: ='CHODIKAM PARAYAM'!H12 -> 0 | I5: ='CHODIKAM PARAYAM'!I12 -> 0 | ... Z5: ='CHODIKAM PARAYAM'!Z12 -> 0
A6: SAMVADAM | B6: =SAMVADAM!B7 -> 0 | C6: =SAMVADAM!C7 -> 0 | D6: =SAMVADAM!D7 -> 0 | E6: =SAMVADAM!E7 -> 0 | F6: =SAMVADAM!F7 -> 0 | G6: =SAMVADAM!G7 -> 0 | H6: =SAMVADAM!H7 -> 0 | I6: =SAMVADAM!I7 -> 0 | ... Z6: =SAMVADAM!Z7 -> 0
A7: KANISHAM | B7: =KANISHAM!B6 -> 0 | C7: =KANISHAM!C6 -> 0 | D7: =KANISHAM!D6 -> 0 | E7: =KANISHAM!E6 -> 0 | F7: =KANISHAM!F6 -> 0 | G7: =KANISHAM!G6 -> 0 | H7: =KANISHAM!H6 -> 0 | I7: =KANISHAM!I6 -> 0 | ... Z7: =KANISHAM!Z6 -> 0
A8: NERVAZHI | B8: =NERVAZHI!B12 -> 0 | C8: =NERVAZHI!C12 -> 0 | D8: =NERVAZHI!D12 -> 0 | E8: =NERVAZHI!E12 -> 0 | F8: =NERVAZHI!F12 -> 0 | G8: =NERVAZHI!G12 -> 0 | H8: =NERVAZHI!H12 -> 0 | I8: =NERVAZHI!I12 -> 0 | ... Z8: =NERVAZHI!Z12 -> 0
A9: CURRENT AFFAIRS
A10: RAPID FIRE
A11: VISUAL ROUND | B11: ='Visual Round'!B7 -> 0 | C11: ='Visual Round'!C7 -> 0 | D11: ='Visual Round'!D7 -> 0 | E11: ='Visual Round'!E7 -> 0 | F11: ='Visual Round'!F7 -> 0 | G11: ='Visual Round'!G7 -> 0 | H11: ='Visual Round'!H7 -> 0 | I11: ='Visual Round'!I7 -> 0 | ... Z11: ='Visual Round'!Z7 -> 0
A12: TOTAL | B12: =SUM(B5:B11) -> 0 | C12: =SUM(C5:C11) -> 0 | D12: =SUM(D5:D11) -> 0 | E12: =SUM(E5:E11) -> 0 | F12: =SUM(F5:F11) -> 0 | G12: =SUM(G5:G11) -> 0 | H12: =SUM(H5:H11) -> 0 | I12: =SUM(I5:I11) -> 0 | ... Z12: =SUM(Z5:Z11) -> 0

Sheet CHODIKAM PARAYAM
A1: TEAM | B1: 1 | C1: 2 | D1: 3 | E1: 4 | F1: 5 | G1: 6 | H1: 7 | I1: 8 | J1: 9 | K1: 10 | L1: 11 | M1: 12 | N1: 13 | O1: 14 | P1: 15 | Q1: 16 | R1: 17 | S1: 18 | T1: 19 | U1: 20 | V1: 21 | W1: 22 | X1: 23 | Y1: 24 | Z1: 25
A2: Q1
A3: Q2
A4: Q3
A5: Q4
A6: Q5
A7: Q6
A8: Q7
A9: Q8
A10: Q9
A11: Q10
A12: TOTAL | B12: =SUM(B2:B11) -> 0 | C12: =SUM(C2:C11) -> 0 | D12: =SUM(D2:D11) -> 0 | E12: =SUM(E2:E11) -> 0 | F12: =SUM(F2:F11) -> 0 | G12: =SUM(G2:G11) -> 0 | H12: =SUM(H2:H11) -> 0 | I12: =SUM(I2:I11) -> 0 | ... Z12: =SUM(Z2:Z11) -> 0

Sheet SAMVADAM
A1: TEAM | B1: 1 | C1: 2 | D1: 3 | E1: 4 | F1: 5 | G1: 6 | H1: 7 | I1: 8 | J1: 9 | K1: 10 | L1: 11 | M1: 12 | N1: 13 | O1: 14 | P1: 15 | Q1: 16 | R1: 17 | S1: 18 | T1: 19 | U1: 20 | V1: 21 | W1: 22 | X1: 23 | Y1: 24 | Z1: 25
A2: Q1
A3: Q2
A4: Q3
A5: Q4
A6: Q5
A7: TOTAL | B7: =SUM(B2:B6) -> 0 | C7: =SUM(C2:C6) -> 0 | D7: =SUM(D2:D6) -> 0 | E7: =SUM(E2:E6) -> 0 | F7: =SUM(F2:F6) -> 0 | G7: =SUM(G2:G6) -> 0 | H7: =SUM(H2:H6) -> 0 | I7: =SUM(I2:I6) -> 0 | ... Z7: =SUM(Z2:Z6) -> 0

Sheet KANISHAM
A1: TEAM | B1: 1 | C1: 2 | D1: 3 | E1: 4 | F1: 5 | G1: 6 | H1: 7 | I1: 8 | J1: 9 | K1: 10 | L1: 11 | M1: 12 | N1: 13 | O1: 14 | P1: 15 | Q1: 16 | R1: 17 | S1: 18 | T1: 19 | U1: 20 | V1: 21 | W1: 22 | X1: 23 | Y1: 24 | Z1: 25
A2: Q1
A3: Q2
A4: Q3
A5: Q4
A6: TOTAL | B6: =SUM(B2:B5) -> 0 | C6: =SUM(C2:C5) -> 0 | D6: =SUM(D2:D5) -> 0 | E6: =SUM(E2:E5) -> 0 | F6: =SUM(F2:F5) -> 0 | G6: =SUM(G2:G5) -> 0 | H6: =SUM(H2:H5) -> 0 | I6: =SUM(I2:I5) -> 0 | ... Z6: =SUM(Z2:Z5) -> 0

Sheet NERVAZHI
A1: TEAM | B1: 1 | C1: 2 | D1: 3 | E1: 4 | F1: 5 | G1: 6 | H1: 7 | I1: 8 | J1: 9 | K1: 10 | L1: 11 | M1: 12 | N1: 13 | O1: 14 | P1: 15 | Q1: 16 | R1: 17 | S1: 18 | T1: 19 | U1: 20 | V1: 21 | W1: 22 | X1: 23 | Y1: 24 | Z1: 25
A2: Q1
A3: Q2
A4: Q3
A5: Q4
A6: Q5
A7: Q6
A8: Q7
A9: Q8
A10: Q9
A11: Q10
A12: TOTAL | B12: =SUM(B2:B11) -> 0 | C12: =SUM(C2:C11) -> 0 | D12: =SUM(D2:D11) -> 0 | E12: =SUM(E2:E11) -> 0 | F12: =SUM(F2:F11) -> 0 | G12: =SUM(G2:G11) -> 0 | H12: =SUM(H2:H11) -> 0 | I12: =SUM(I2:I11) -> 0 | ... Z12: =SUM(Z2:Z11) -> 0

Sheet Visual Round
A1: TEAM | B1: 1 | C1: 2 | D1: 3 | E1: 4 | F1: 5 | G1: 6 | H1: 7 | I1: 8 | J1: 9 | K1: 10 | L1: 11 | M1: 12 | N1: 13 | O1: 14 | P1: 15 | Q1: 16 | R1: 17 | S1: 18 | T1: 19 | U1: 20 | V1: 21 | W1: 22 | X1: 23 | Y1: 24 | Z1: 25
A2: Q1
A3: Q2
A4: Q3
A5: Q4
A6: Q5
A7: TOTAL | B7: =SUM(B2:B6) -> 0 | C7: =SUM(C2:C6) -> 0 | D7: =SUM(D2:D6) -> 0 | E7: =SUM(E2:E6) -> 0 | F7: =SUM(F2:F6) -> 0 | G7: =SUM(G2:G6) -> 0 | H7: =SUM(H2:H6) -> 0 | I7: =SUM(I2:I6) -> 0 | ... Z7: =SUM(Z2:Z6) -> 0

Sheet DISPLAY
